{"cameraMode":{"drawMode":0,"name":"Shaded","section":"Shading Mode"},"sceneLighting":false,"audioPlay":false,"sceneViewState":{"m_AlwaysRefresh":false,"showFog":true,"showSkybox":false,"showFlares":true,"showImageEffects":true,"showParticleSystems":true,"showVisualEffectGraphs":true,"m_FxEnabled":true},"in2DMode":false,"pivot":{"x":-0.6032113432884216,"y":1.7173784971237183,"z":15.469079971313477},"rotation":{"x":0.00599774019792676,"y":-0.02759828045964241,"z":0.0001656672393437475,"w":0.9996015429496765},"size":2.346031665802002,"orthographic":false}